titulo 1,autor 1,editorial 1,isbn 1
titulo 2,autor 2,editorial 2,isbn 2
titulo 3,autor 3,editorial 3,isbn 3
titulo 4,autor 4,editorial 4,isbn 4
titulo 5,autor 5,editorial 5,isbn 5
titulo 6,autor 6,editorial 6,isbn 6
titulo 7,autor 7,editorial 7,isbn 7
titulo 8,autor 8,editorial 8,isbn 8
titulo 9,autor 9,editorial 9,isbn 9
titulo 10,autor 10,editorial 10,isbn 10
titulo 11,autor 11,editorial 11,isbn 11
titulo 12,autor 12,editorial 12,isbn 12
titulo 13,autor 13,editorial 13,isbn 13
titulo 14,autor 14,editorial 14,isbn 14
titulo 15,autor 15,editorial 15,isbn 15
titulo 16,autor 16,editorial 16,isbn 16
titulo 17,autor 17,editorial 17,isbn 17
titulo 18,autor 18,editorial 18,isbn 18
titulo 19,autor 19,editorial 19,isbn 19
titulo 20,autor 20,editorial 20,isbn 20
titulo 21,autor 21,editorial 21,isbn 21
titulo 22,autor 22,editorial 22,isbn 22
titulo 23,autor 23,editorial 23,isbn 23
titulo 24,autor 24,editorial 24,isbn 24
titulo 25,autor 25,editorial 25,isbn 25
titulo 26,autor 26,editorial 26,isbn 26
titulo 27,autor 27,editorial 27,isbn 27
titulo 28,autor 28,editorial 28,isbn 28
titulo 29,autor 29,editorial 29,isbn 29
titulo 30,autor 30,editorial 30,isbn 30
titulo 31,autor 31,editorial 31,isbn 31
titulo 32,autor 32,editorial 32,isbn 32
titulo 33,autor 33,editorial 33,isbn 33
titulo 34,autor 34,editorial 34,isbn 34
titulo 35,autor 35,editorial 35,isbn 35
titulo 36,autor 36,editorial 36,isbn 36
titulo 37,autor 37,editorial 37,isbn 37
titulo 38,autor 38,editorial 38,isbn 38
titulo 39,autor 39,editorial 39,isbn 39
titulo 40,autor 40,editorial 40,isbn 40
titulo 41,autor 41,editorial 41,isbn 41
titulo 42,autor 42,editorial 42,isbn 42
titulo 43,autor 43,editorial 43,isbn 43
titulo 44,autor 44,editorial 44,isbn 44
titulo 45,autor 45,editorial 45,isbn 45
titulo 46,autor 46,editorial 46,isbn 46
titulo 47,autor 47,editorial 47,isbn 47
titulo 48,autor 48,editorial 48,isbn 48
titulo 49,autor 49,editorial 49,isbn 49
titulo 50,autor 50,editorial 50,isbn 50
